index,org_id,name,century
1,FAB0d41d5b5d22c,Ferrell LLC,20-th Century
2,6A7EdDEA9FaDC52,"Mckinney, Riley and Day",21-th Century
3,0bFED1ADAE4bcC1,Hester Ltd,20-th Century
4,2bFC1Be8a4ce42f,Holder-Sellers,21-th Century
5,9eE8A6a4Eb96C24,Mayer Group,20-th Century
6,cC757116fe1C085,Henry-Thompson,20-th Century
7,219233e8aFF1BC3,Hansen-Everett,21-th Century
8,ccc93DCF81a31CD,Mcintosh-Mora,20-th Century
9,0B4F93aA06ED03e,Carr Inc,20-th Century
10,738b5aDe6B1C6A5,Gaines Inc,20-th Century
11,AE61b8Ffebbc476,Kidd Group,21-th Century
12,eb3B7D06cCdD609,Crane-Clarke,21-th Century
13,8D0c29189C9798B,"Keller, Campos and Black",21-th Century
14,D2c91cc03CA394c,Glover-Pope,21-th Century
15,C8AC1eaf9C036F4,Pacheco-Spears,20-th Century
16,b5D10A14f7a8AfE,Hodge-Ayers,20-th Century
17,68139b5C4De03B4,"Bowers, Guerra and Krause",20-th Century
18,5c2EffEfdba2BdF,Mckenzie-Melton,20-th Century
19,ba179F19F7925f5,Branch-Mann,20-th Century
20,c1Ce9B350BAc66b,Weiss and Sons,21-th Century
21,8de40AC4e6EaCa4,"Velez, Payne and Coffey",20-th Century
22,Aad86a4F0385F2d,Harrell LLC,21-th Century
23,22aC3FFd64fD703,"Eaton, Reynolds and Vargas",21-th Century
24,5Ec4C272bCf085c,Robbins-Cummings,20-th Century
25,5fDBeA8BB91a000,Jenkins Inc,21-th Century
26,dFfD6a6F9AC2d9C,"Greene, Benjamin and Novak",21-th Century
27,4B217cC5a0674C5,"Dickson, Richmond and Clay",20-th Century
28,88b1f1cDcf59a37,Prince-David,20-th Century
29,f9F7bBCAEeC360F,Ayala LLC,21-th Century
30,7Cb3AeFcE4Ba31e,Rivas Group,20-th Century
31,ccBcC32adcbc530,"Sloan, Mays and Whitehead",20-th Century
32,f5afd686b3d05F5,"Durham, Allen and Barnes",20-th Century
33,38C6cfC5074Fa5e,Fritz-Franklin,20-th Century
34,5Cd7efccCcba38f,Burch-Ewing,20-th Century
35,9E6Acb51e3F9d6F,"Glass, Barrera and Turner",21-th Century
36,4D4d7E18321eaeC,Pineda-Cox,21-th Century
37,485f5d06B938F2b,"Baker, Mccann and Macdonald",21-th Century
38,19E3a5Bf6dBDc4F,Cuevas-Moss,20-th Century
39,6883A965c7b68F7,Hahn PLC,21-th Century
40,AC5B7AA74Aa4A2E,"Valentine, Ferguson and Kramer",20-th Century
41,decab0D5027CA6a,Arroyo Inc,21-th Century
42,dF084FbBb613eea,Walls LLC,20-th Century
43,A2D89Ab9bCcAd4e,"Mitchell, Warren and Schneider",21-th Century
44,77aDc905434a49f,Prince PLC,21-th Century
45,235fdEFE2cfDa5F,Brock-Blackwell,20-th Century
46,1eD64cFe986BBbE,Walton-Barnett,21-th Century
47,CbBbFcdd0eaE2cF,Bartlett-Arroyo,20-th Century
48,49aECbDaE6aBD53,"Wallace, Madden and Morris",21-th Century
49,7b3fe6e7E72bFa4,Berg-Sparks,20-th Century
50,c6DedA82A8aef7E,Gonzales Ltd,20-th Century
51,7D9FBF85cdC3871,Lawson and Sons,21-th Century
52,7dd18Fb7cB07b65,"Mcguire, Mcconnell and Olsen",20-th Century
53,EF5B55FadccB8Fe,Charles-Phillips,21-th Century
54,f8D4B99e11fAF5D,Odom Ltd,21-th Century
55,e24D21BFd3bF1E5,Richard PLC,20-th Century
56,B9BdfEB6D3Ca44E,Sampson Ltd,21-th Century
57,2a74D6f3D3B268e,"Cherry, Le and Callahan",21-th Century
58,Bf3F3f62c8aBC33,Cherry PLC,20-th Century
59,aeBe26B80a7a23c,Melton-Nichols,21-th Century
60,aAeb29ad43886C6,Potter-Walsh,21-th Century
61,bD1bc6bB6d1FeD3,Freeman-Chen,20-th Century
62,EB9f456e8b7022a,Soto Group,20-th Century
63,Dfef38C51D8DAe3,"Poole, Cruz and Whitney",20-th Century
64,055ffEfB2Dd95B0,Riley Ltd,20-th Century
65,cBfe4dbAE1699da,"Erickson, Andrews and Bailey",21-th Century
66,fdFbecbadcdCdf1,"Wilkinson, Charles and Arroyo",20-th Century
67,5DCb8A5a5ca03c0,Floyd Ltd,21-th Century
68,ce57DCbcFD6d618,Newman-Galloway,20-th Century
69,5aaD187dc929371,Frazier-Butler,20-th Century
70,902D7Ac8b6d476b,Newton Inc,20-th Century
71,32BB9Ff4d939788,Duffy-Levy,20-th Century
72,adcB0afbE58bAe3,Wagner LLC,20-th Century
73,dfcA1c84AdB61Ac,Mccall-Holmes,21-th Century
74,208044AC2fe52F3,Massey LLC,20-th Century
75,f3C365f0c1A0623,Hicks LLC,20-th Century
76,ec5Bdd3CBAfaB93,"Cole, Russell and Avery",21-th Century
77,DDB19Be7eeB56B4,Cummings-Rojas,21-th Century
78,dd6CA3d0bc3cAfc,"Beasley, Greene and Mahoney",20-th Century
79,A0B9d56e61070e3,"Beasley, Sims and Allison",20-th Century
80,cBa7EFe5D05Adaf,Crawford-Rivera,20-th Century
81,Ea3f6D52Ec73563,Montes-Hensley,21-th Century
82,bC0CEd48A8000E0,Velazquez-Odom,21-th Century
83,c89b9b59BC4baa1,Eaton-Morales,20-th Century
84,FEC51bce8421a7b,"Roberson, Pennington and Palmer",20-th Century
85,e0E8e27eAc9CAd5,"George, Russo and Guerra",20-th Century
86,B97a6CF9bf5983C,Davila Inc,21-th Century
87,a0a6f9b3DbcBEb5,Mays-Preston,21-th Century
88,8cC1bDa330a5871,Pineda-Morton,20-th Century
89,ED889CB2FE9cbd3,Huang and Sons,20-th Century
90,F4Dc1417BC6cb8f,Gilbert-Simon,20-th Century
91,7ABc3c7ecA03B34,Sampson-Griffith,20-th Century
92,4e0719FBE38e0aB,Miles-Dominguez,20-th Century
93,dEbDAAeDfaed00A,Rowe and Sons,20-th Century
94,61BDeCfeFD0cEF5,"Valenzuela, Holmes and Rowland",20-th Century
95,4e91eD25f486110,"Best, Wade and Shepard",20-th Century
96,0a0bfFbBbB8eC7c,Holmes Group,20-th Century
97,BA6Cd9Dae2Efd62,Good Ltd,20-th Century
98,E7df80C60Abd7f9,Clements-Espinoza,20-th Century
99,AFc285dbE2fEd24,Mendez Inc,20-th Century
100,e9eB5A60Cef8354,Watkins-Kaiser,21-th Century
